review_text,rating,helpful_votes,product_id,product_title,category,timestamp
Battery drains very quickly and charging takes too long. I used it for one week before writing this review.,1,38,P1001,AeroBook Student Laptop,Electronics,2025-05-21
"The product is worth the money because battery, display, and performance are balanced. This feedback is based on regular daily use.",5,56,P1002,VoltMax Wireless Earbuds,Electronics,2025-02-22
Not value for money. Price is high and quality feels cheap. I used it for one week before writing this review.,2,34,P1005,CamLite Webcam,Electronics,2025-08-05
Great value for money. The price is fair and performance is smooth for office use. I used it for one week before writing this review.,5,36,P1001,AeroBook Student Laptop,Electronics,2025-04-30
Design looks simple. Weight is manageable for students. I used it for one week before writing this review.,3,9,P1005,CamLite Webcam,Electronics,2025-04-12
Delivery was poor. The box was damaged and packaging was weak. Overall experience depends on your use case.,1,44,P1005,CamLite Webcam,Electronics,2025-08-18
Replacement process took time but support finally solved the issue. I used it for one week before writing this review.,3,3,P1003,BrightView Smart Monitor,Electronics,2025-12-24
Performance is smooth for browsing but slow during heavy apps. I compared it with similar products in the same range.,3,9,P1003,BrightView Smart Monitor,Electronics,2025-04-21
Display has low brightness and screen colors look washed out. I used it for one week before writing this review.,2,17,P1003,BrightView Smart Monitor,Electronics,2025-07-14
"Display brightness and colors are very good, perfect for movies and assignments. I compared it with similar products in the same range.",4,24,P1003,BrightView Smart Monitor,Electronics,2025-05-16
Build quality is bad. Plastic material feels weak and not durable. Overall experience depends on your use case.,1,39,P1001,AeroBook Student Laptop,Electronics,2025-03-05
The design looks outdated and the product is heavy to carry. I used it for one week before writing this review.,2,13,P1004,ChargePro Power Bank,Electronics,2025-05-31
Speaker sound is unclear and volume is too low. I compared it with similar products in the same range.,2,21,P1005,CamLite Webcam,Electronics,2025-04-09
Delivery was poor. The box was damaged and packaging was weak. I used it for one week before writing this review.,1,51,P1001,AeroBook Student Laptop,Electronics,2025-04-27
Display has low brightness and screen colors look washed out. I used it for one week before writing this review.,2,19,P1003,BrightView Smart Monitor,Electronics,2025-02-21
"Delivery was late by one day, but packaging was fine. Overall experience depends on your use case.",3,12,P1003,BrightView Smart Monitor,Electronics,2025-07-06
Sound quality is clear and speaker volume is better than expected at this price. I compared it with similar products in the same range.,4,14,P1003,BrightView Smart Monitor,Electronics,2025-12-10
Customer support helped with warranty registration quickly and politely.,4,18,P1001,AeroBook Student Laptop,Electronics,2025-03-29
"The product works as expected, nothing special and nothing terrible. This feedback is based on regular daily use.",3,12,P1002,VoltMax Wireless Earbuds,Electronics,2025-07-14
Customer support helped with warranty registration quickly and politely. This feedback is based on regular daily use.,4,18,P1005,CamLite Webcam,Electronics,2025-06-16
Speaker sound is unclear and volume is too low. This feedback is based on regular daily use.,2,12,P1001,AeroBook Student Laptop,Electronics,2026-02-17
Battery backup is average. It is okay for light work but not for long travel. I compared it with similar products in the same range.,3,5,P1004,ChargePro Power Bank,Electronics,2025-04-19
The design looks outdated and the product is heavy to carry. I compared it with similar products in the same range.,2,8,P1005,CamLite Webcam,Electronics,2025-12-02
Sound is loud enough but bass is not impressive. Overall experience depends on your use case.,3,2,P1004,ChargePro Power Bank,Electronics,2025-05-16
Build quality feels premium and durable. The design is lightweight and compact.,5,36,P1002,VoltMax Wireless Earbuds,Electronics,2025-05-15
Performance is slow and the device starts heating after short use. Overall experience depends on your use case.,2,44,P1005,CamLite Webcam,Electronics,2025-07-24
"Price is reasonable, but the material quality could have been better. This feedback is based on regular daily use.",3,17,P1002,VoltMax Wireless Earbuds,Electronics,2025-09-10
Packaging was secure and delivery was on time. Product arrived without damage. I used it for one week before writing this review.,5,21,P1001,AeroBook Student Laptop,Electronics,2025-11-18
Sound quality is clear and speaker volume is better than expected at this price.,4,12,P1004,ChargePro Power Bank,Electronics,2025-07-17
"Delivery was late by one day, but packaging was fine. Overall experience depends on your use case.",3,10,P1005,CamLite Webcam,Electronics,2025-05-09
"The product works as expected, nothing special and nothing terrible. I used it for one week before writing this review.",3,15,P1001,AeroBook Student Laptop,Electronics,2025-10-02
Display has low brightness and screen colors look washed out. I compared it with similar products in the same range.,2,17,P1003,BrightView Smart Monitor,Electronics,2025-05-31
Performance is smooth for browsing but slow during heavy apps. Overall experience depends on your use case.,3,7,P1002,VoltMax Wireless Earbuds,Electronics,2026-01-05
Support did not respond to warranty issue and refund was delayed.,1,23,P1003,BrightView Smart Monitor,Electronics,2025-09-17
The design looks outdated and the product is heavy to carry. I compared it with similar products in the same range.,2,15,P1001,AeroBook Student Laptop,Electronics,2025-09-17
Camera is acceptable for meetings but photos are not sharp. This feedback is based on regular daily use.,3,5,P1002,VoltMax Wireless Earbuds,Electronics,2026-01-26
Sound quality is clear and speaker volume is better than expected at this price.,4,11,P1005,CamLite Webcam,Electronics,2025-11-03
Battery backup is average. It is okay for light work but not for long travel. I used it for one week before writing this review.,3,5,P1004,ChargePro Power Bank,Electronics,2025-07-05
Support did not respond to warranty issue and refund was delayed. This feedback is based on regular daily use.,1,21,P1003,BrightView Smart Monitor,Electronics,2025-05-04
Support did not respond to warranty issue and refund was delayed. I used it for one week before writing this review.,1,22,P1005,CamLite Webcam,Electronics,2026-01-10
Sound is loud enough but bass is not impressive.,3,2,P1001,AeroBook Student Laptop,Electronics,2025-03-07
Not value for money. Price is high and quality feels cheap.,2,27,P1004,ChargePro Power Bank,Electronics,2025-05-16
Design looks simple. Weight is manageable for students. Overall experience depends on your use case.,3,4,P1005,CamLite Webcam,Electronics,2025-10-04
Display has low brightness and screen colors look washed out. I compared it with similar products in the same range.,2,22,P1002,VoltMax Wireless Earbuds,Electronics,2025-12-10
Battery drains very quickly and charging takes too long. Overall experience depends on your use case.,1,35,P1003,BrightView Smart Monitor,Electronics,2025-08-20
"Display brightness and colors are very good, perfect for movies and assignments. This feedback is based on regular daily use.",4,16,P1002,VoltMax Wireless Earbuds,Electronics,2025-06-23
The battery backup is excellent and the laptop feels fast for daily coding and college work.,5,42,P1005,CamLite Webcam,Electronics,2025-10-29
"The product is worth the money because battery, display, and performance are balanced. I used it for one week before writing this review.",5,56,P1001,AeroBook Student Laptop,Electronics,2025-11-20
Great value for money. The price is fair and performance is smooth for office use. I used it for one week before writing this review.,5,33,P1002,VoltMax Wireless Earbuds,Electronics,2025-06-19
Packaging was secure and delivery was on time. Product arrived without damage. This feedback is based on regular daily use.,5,23,P1005,CamLite Webcam,Electronics,2025-12-09
Sound is loud enough but bass is not impressive.,3,2,P1002,VoltMax Wireless Earbuds,Electronics,2026-01-06
The design looks outdated and the product is heavy to carry.,2,12,P1005,CamLite Webcam,Electronics,2025-05-05
Build quality is bad. Plastic material feels weak and not durable. Overall experience depends on your use case.,1,34,P1004,ChargePro Power Bank,Electronics,2025-02-18
"Display brightness and colors are very good, perfect for movies and assignments. I compared it with similar products in the same range.",4,21,P1004,ChargePro Power Bank,Electronics,2025-07-30
Display is bright indoors but colors look average outside. I used it for one week before writing this review.,3,3,P1001,AeroBook Student Laptop,Electronics,2025-07-26
Performance is slow and the device starts heating after short use. I used it for one week before writing this review.,2,38,P1003,BrightView Smart Monitor,Electronics,2025-04-09
Camera quality is decent for video calls and online classes. Overall experience depends on your use case.,4,8,P1005,CamLite Webcam,Electronics,2025-08-05
Sound quality is clear and speaker volume is better than expected at this price. Overall experience depends on your use case.,4,14,P1003,BrightView Smart Monitor,Electronics,2025-02-08
Display is bright indoors but colors look average outside. I used it for one week before writing this review.,3,3,P1005,CamLite Webcam,Electronics,2025-11-30
"The product works as expected, nothing special and nothing terrible. I used it for one week before writing this review.",3,8,P1001,AeroBook Student Laptop,Electronics,2025-03-27
Performance is smooth for browsing but slow during heavy apps. Overall experience depends on your use case.,3,10,P1004,ChargePro Power Bank,Electronics,2025-07-25
Support did not respond to warranty issue and refund was delayed. This feedback is based on regular daily use.,1,27,P1001,AeroBook Student Laptop,Electronics,2025-01-02
"Delivery was late by one day, but packaging was fine. Overall experience depends on your use case.",3,6,P1003,BrightView Smart Monitor,Electronics,2025-08-05
Delivery was poor. The box was damaged and packaging was weak. Overall experience depends on your use case.,1,43,P1005,CamLite Webcam,Electronics,2025-04-08
Fast charging works well and the charger does not heat much. I used it for one week before writing this review.,5,31,P1002,VoltMax Wireless Earbuds,Electronics,2026-01-12
"The product works as expected, nothing special and nothing terrible. I compared it with similar products in the same range.",3,5,P1001,AeroBook Student Laptop,Electronics,2025-01-26
Replacement process took time but support finally solved the issue.,3,9,P1004,ChargePro Power Bank,Electronics,2025-03-22
Great value for money. The price is fair and performance is smooth for office use. I used it for one week before writing this review.,5,35,P1005,CamLite Webcam,Electronics,2025-02-05
Camera is acceptable for meetings but photos are not sharp. This feedback is based on regular daily use.,3,6,P1001,AeroBook Student Laptop,Electronics,2025-03-03
Support did not respond to warranty issue and refund was delayed. This feedback is based on regular daily use.,1,30,P1005,CamLite Webcam,Electronics,2025-11-01
Great value for money. The price is fair and performance is smooth for office use. I used it for one week before writing this review.,5,39,P1005,CamLite Webcam,Electronics,2025-12-03
Replacement process took time but support finally solved the issue.,3,6,P1005,CamLite Webcam,Electronics,2025-05-14
Camera quality is decent for video calls and online classes. This feedback is based on regular daily use.,4,10,P1003,BrightView Smart Monitor,Electronics,2025-07-22
Build quality feels premium and durable. The design is lightweight and compact. Overall experience depends on your use case.,5,33,P1003,BrightView Smart Monitor,Electronics,2026-01-20
The design looks outdated and the product is heavy to carry. I used it for one week before writing this review.,2,12,P1001,AeroBook Student Laptop,Electronics,2025-11-15
Replacement process took time but support finally solved the issue. I used it for one week before writing this review.,3,9,P1001,AeroBook Student Laptop,Electronics,2025-04-20
Design looks simple. Weight is manageable for students. This feedback is based on regular daily use.,3,6,P1003,BrightView Smart Monitor,Electronics,2025-02-05
Support did not respond to warranty issue and refund was delayed. I compared it with similar products in the same range.,1,25,P1002,VoltMax Wireless Earbuds,Electronics,2025-03-22
Display is bright indoors but colors look average outside. I compared it with similar products in the same range.,3,12,P1005,CamLite Webcam,Electronics,2026-02-18
Battery drains very quickly and charging takes too long. I used it for one week before writing this review.,1,37,P1005,CamLite Webcam,Electronics,2026-02-23
"The product works as expected, nothing special and nothing terrible. I used it for one week before writing this review.",3,7,P1003,BrightView Smart Monitor,Electronics,2025-05-16
"Display brightness and colors are very good, perfect for movies and assignments.",4,17,P1001,AeroBook Student Laptop,Electronics,2025-05-20
Fast charging works well and the charger does not heat much. This feedback is based on regular daily use.,5,33,P1005,CamLite Webcam,Electronics,2025-06-25
Camera quality is decent for video calls and online classes.,4,13,P1003,BrightView Smart Monitor,Electronics,2025-05-09
Support did not respond to warranty issue and refund was delayed. I used it for one week before writing this review.,1,31,P1001,AeroBook Student Laptop,Electronics,2025-08-05
Speaker sound is unclear and volume is too low. I used it for one week before writing this review.,2,12,P1003,BrightView Smart Monitor,Electronics,2025-06-20
Display has low brightness and screen colors look washed out. I compared it with similar products in the same range.,2,18,P1002,VoltMax Wireless Earbuds,Electronics,2026-01-15
Display is bright indoors but colors look average outside. Overall experience depends on your use case.,3,11,P1005,CamLite Webcam,Electronics,2025-01-05
"Display brightness and colors are very good, perfect for movies and assignments. This feedback is based on regular daily use.",4,23,P1001,AeroBook Student Laptop,Electronics,2025-01-19
Speaker sound is unclear and volume is too low.,2,20,P1003,BrightView Smart Monitor,Electronics,2025-03-17
Performance is smooth for browsing but slow during heavy apps. I used it for one week before writing this review.,3,11,P1002,VoltMax Wireless Earbuds,Electronics,2025-07-06
Support did not respond to warranty issue and refund was delayed. I compared it with similar products in the same range.,1,24,P1001,AeroBook Student Laptop,Electronics,2025-12-16
"The product is worth the money because battery, display, and performance are balanced. I compared it with similar products in the same range.",5,53,P1001,AeroBook Student Laptop,Electronics,2025-07-28
Camera is acceptable for meetings but photos are not sharp. This feedback is based on regular daily use.,3,2,P1002,VoltMax Wireless Earbuds,Electronics,2026-02-14
Build quality is bad. Plastic material feels weak and not durable. Overall experience depends on your use case.,1,31,P1002,VoltMax Wireless Earbuds,Electronics,2025-04-02
Performance is slow and the device starts heating after short use. Overall experience depends on your use case.,2,45,P1003,BrightView Smart Monitor,Electronics,2026-01-12
Build quality is bad. Plastic material feels weak and not durable. I compared it with similar products in the same range.,1,33,P1002,VoltMax Wireless Earbuds,Electronics,2026-02-08
Delivery was poor. The box was damaged and packaging was weak. Overall experience depends on your use case.,1,41,P1001,AeroBook Student Laptop,Electronics,2025-08-29
"The product is worth the money because battery, display, and performance are balanced. Overall experience depends on your use case.",5,50,P1002,VoltMax Wireless Earbuds,Electronics,2025-06-06
Speaker sound is unclear and volume is too low. This feedback is based on regular daily use.,2,12,P1002,VoltMax Wireless Earbuds,Electronics,2025-12-04
Camera quality is decent for video calls and online classes. I compared it with similar products in the same range.,4,10,P1004,ChargePro Power Bank,Electronics,2025-02-05
Display has low brightness and screen colors look washed out. I compared it with similar products in the same range.,2,26,P1003,BrightView Smart Monitor,Electronics,2025-09-18
"Delivery was late by one day, but packaging was fine. I compared it with similar products in the same range.",3,2,P1005,CamLite Webcam,Electronics,2025-03-01
Support did not respond to warranty issue and refund was delayed. This feedback is based on regular daily use.,1,30,P1003,BrightView Smart Monitor,Electronics,2025-05-16
Great value for money. The price is fair and performance is smooth for office use.,5,39,P1001,AeroBook Student Laptop,Electronics,2025-06-26
Performance is slow and the device starts heating after short use. Overall experience depends on your use case.,2,44,P1003,BrightView Smart Monitor,Electronics,2025-09-19
"Display brightness and colors are very good, perfect for movies and assignments.",4,18,P1004,ChargePro Power Bank,Electronics,2025-05-11
Great value for money. The price is fair and performance is smooth for office use. I used it for one week before writing this review.,5,41,P1004,ChargePro Power Bank,Electronics,2026-02-17
"The product works as expected, nothing special and nothing terrible. I compared it with similar products in the same range.",3,11,P1002,VoltMax Wireless Earbuds,Electronics,2025-02-05
Not value for money. Price is high and quality feels cheap.,2,30,P1003,BrightView Smart Monitor,Electronics,2025-12-06
Camera is blurry and video quality is poor for calls. I compared it with similar products in the same range.,2,18,P1001,AeroBook Student Laptop,Electronics,2025-06-08
Not value for money. Price is high and quality feels cheap. I compared it with similar products in the same range.,2,31,P1004,ChargePro Power Bank,Electronics,2025-12-23
Fast charging works well and the charger does not heat much. This feedback is based on regular daily use.,5,25,P1005,CamLite Webcam,Electronics,2025-08-04
Not value for money. Price is high and quality feels cheap. This feedback is based on regular daily use.,2,34,P1004,ChargePro Power Bank,Electronics,2025-10-19
Fast charging works well and the charger does not heat much.,5,22,P1004,ChargePro Power Bank,Electronics,2025-06-05
Fast charging works well and the charger does not heat much. Overall experience depends on your use case.,5,31,P1002,VoltMax Wireless Earbuds,Electronics,2025-11-07
Battery drains very quickly and charging takes too long. Overall experience depends on your use case.,1,34,P1003,BrightView Smart Monitor,Electronics,2025-08-15
Not value for money. Price is high and quality feels cheap.,2,32,P1002,VoltMax Wireless Earbuds,Electronics,2026-02-11
Support did not respond to warranty issue and refund was delayed. I used it for one week before writing this review.,1,25,P1002,VoltMax Wireless Earbuds,Electronics,2025-09-21
Not value for money. Price is high and quality feels cheap. I compared it with similar products in the same range.,2,26,P1005,CamLite Webcam,Electronics,2026-02-24
